lemma,level,english,example_de,example_en,separable,aux,praesens_ich,praesens_er,praeteritum,partizip_ii,perfekt,approved,sources_csv,source_notes
arbeiten,A1,to work,Sie arbeitete in einer Bank.,Er hat als Koch gearbeitet.,,haben,,,arbeitete,gearbeitet,hat gearbeitet,true,Goethe-Institut; dwds-goethe-A1.csv,A1 Essential Verbs; https://www.dwds.de/wb/arbeiten
essen,A1,to eat,Er aß ein Sandwich.,Wir haben zu Mittag gegessen.,,haben,,,aß,gegessen,hat gegessen,true,Goethe-Institut; dwds-goethe-A1.csv,A1 Essential Verbs; https://www.dwds.de/wb/essen
gehen,A1,to go,Er ging zur Schule.,Wir sind nach Hause gegangen.,false,sein,gehe,geht,ging,gegangen,ist gegangen,true,Goethe-Institut; dwds-goethe-A1.csv; learn-deutsch-data:verbs,"A1 Essential Verbs; https://www.dwds.de/wb/gehen; ""gehen"" follows the standard pattern for regular verbs in the present tense."
haben,A1,to have,Ich hatte keine Zeit.,Er hat viel Geld gehabt.,false,haben,habe,hat,hatte,gehabt,hat gehabt,true,Goethe-Institut; dwds-goethe-A1.csv; learn-deutsch-data:verbs,"A1 Essential Verbs; https://www.dwds.de/wb/haben; ""haben"" is an irregular verb. Note the change from ""b"" to ""s"" and ""t"" in the du and er/sie/es forms."
heißen,A1,to be called,Er hieß Peter.,Sie hat anders geheißen.,,haben,,,hieß,geheißen,hat geheißen,true,Goethe-Institut; dwds-goethe-A1.csv,A1 Essential Verbs; https://www.dwds.de/wb/hei%C3%9Fen#1
hören,A1,to hear,Sie hörte Musik.,Ich habe ein Geräusch gehört.,,haben,,,hörte,gehört,hat gehört,true,Goethe-Institut; dwds-goethe-A1.csv,A1 Essential Verbs; https://www.dwds.de/wb/h%C3%B6ren
kaufen,A1,to buy,Sie kaufte neue Schuhe.,Er hat ein Auto gekauft.,,haben,,,kaufte,gekauft,hat gekauft,true,Goethe-Institut; dwds-goethe-A1.csv,A1 Essential Verbs; https://www.dwds.de/wb/kaufen
kommen,A1,to come,Sie kam spät.,Der Bus ist pünktlich gekommen.,,sein,,,kam,gekommen,ist gekommen,true,Goethe-Institut; dwds-goethe-A1.csv,A1 Essential Verbs; https://www.dwds.de/wb/kommen
können,A1,can/to be able to,Er konnte gut schwimmen.,Das hat er immer gut gekonnt.,,haben,kann,kann,konnte,gekonnt,hat gekonnt,true,Goethe-Institut; dwds-goethe-A1.csv; learn-deutsch-data:modal,A1 Essential Verbs; https://www.dwds.de/wb/k%C3%B6nnen; KÖN-nen
leben,A1,to live,Er lebte in Berlin.,Sie hat lange in Paris gelebt.,,haben,,,lebte,gelebt,hat gelebt,true,Goethe-Institut; dwds-goethe-A1.csv,A1 Essential Verbs; https://www.dwds.de/wb/leben
lernen,A1,to learn,Sie lernte Deutsch.,Er hat viel gelernt.,,haben,,,lernte,gelernt,hat gelernt,true,Goethe-Institut; dwds-goethe-A1.csv,A1 Essential Verbs; https://www.dwds.de/wb/lernen
lesen,A1,to read,Sie las ein interessantes Buch.,Er hat die Zeitung gelesen.,,haben,,,las,gelesen,hat gelesen,true,Goethe-Institut; dwds-goethe-A1.csv,A1 Essential Verbs; https://www.dwds.de/wb/lesen#1
machen,A1,to make/do,Er machte seine Hausaufgaben.,Sie hat das Essen gemacht.,,haben,,,machte,gemacht,hat gemacht,true,Goethe-Institut; dwds-goethe-A1.csv,A1 Essential Verbs; https://www.dwds.de/wb/machen
müssen,A1,must/to have to,Ich musste früh aufstehen.,Er hat arbeiten gemusst.,,haben,muss,muss,musste,gemusst,hat gemusst,true,Goethe-Institut; dwds-goethe-A1.csv; learn-deutsch-data:modal,A1 Essential Verbs; https://www.dwds.de/wb/m%C3%BCssen; MÜS-sen
schlafen,A1,to sleep,Das Kind schlief tief.,Ich habe gut geschlafen.,,haben,,,schlief,geschlafen,hat geschlafen,true,Goethe-Institut; dwds-goethe-A1.csv,A1 Essential Verbs; https://www.dwds.de/wb/schlafen
schreiben,A1,to write,Er schrieb einen Brief.,Sie hat eine E-Mail geschrieben.,,haben,,,schrieb,geschrieben,hat geschrieben,true,Goethe-Institut; dwds-goethe-A1.csv,A1 Essential Verbs; https://www.dwds.de/wb/schreiben
sehen,A1,to see,Er sah einen Film.,Wir haben uns gestern gesehen.,,haben,,,sah,gesehen,hat gesehen,true,Goethe-Institut; dwds-goethe-A1.csv,A1 Essential Verbs; https://www.dwds.de/wb/sehen
sein,A1,to be,Er war gestern krank.,Sie ist lange in Berlin gewesen.,false,sein,bin,ist,war,gewesen,ist gewesen,true,Goethe-Institut; dwds-goethe-A1.csv; learn-deutsch-data:verbs,"A1 Essential Verbs; https://www.dwds.de/wb/sein#3; ""sein"" is a highly irregular verb. Its conjugation must be memorized."
sollen,A1,should/ought to,Du solltest mehr lernen.,Das hätte ich nicht gesollt.,,haben,soll,soll,sollte,gesollt,hat gesollt,true,Goethe-Institut; dwds-goethe-A1.csv; learn-deutsch-data:modal,A1 Essential Verbs; https://www.dwds.de/wb/sollen; SOL-len
spielen,A1,to play,Das Kind spielte im Garten.,Wir haben Fußball gespielt.,,haben,,,spielte,gespielt,hat gespielt,true,Goethe-Institut; dwds-goethe-A1.csv,A1 Essential Verbs; https://www.dwds.de/wb/spielen
sprechen,A1,to speak,Er sprach sehr gut Deutsch.,Sie hat mit ihrer Mutter gesprochen.,false,haben,spreche,spricht,sprach,gesprochen,hat gesprochen,true,Goethe-Institut; dwds-goethe-A1.csv; learn-deutsch-data:verbs,"A1 Essential Verbs; https://www.dwds.de/wb/sprechen; This is a stem-changing irregular verb. The vowel ""e"" changes to ""i"" in the du and er/sie/es forms."
trinken,A1,to drink,Sie trank Wasser.,Er hat Kaffee getrunken.,,haben,,,trank,getrunken,hat getrunken,true,Goethe-Institut; dwds-goethe-A1.csv,A1 Essential Verbs; https://www.dwds.de/wb/trinken
werden,A1,to become,Sie wurde Lehrerin.,Er ist Arzt geworden.,,sein,,,wurde,geworden,ist geworden,true,Goethe-Institut; dwds-goethe-A1.csv,A1 Essential Verbs; https://www.dwds.de/wb/werden
wohnen,A1,to live/reside,Er wohnte im Zentrum.,Sie hat in einem Apartment gewohnt.,,haben,,,wohnte,gewohnt,hat gewohnt,true,Goethe-Institut; dwds-goethe-A1.csv,A1 Essential Verbs; https://www.dwds.de/wb/wohnen
wollen,A1,to want,Er wollte nach Hause.,Sie hat das nicht gewollt.,,haben,will,will,wollte,gewollt,hat gewollt,true,Goethe-Institut; dwds-goethe-A1.csv; learn-deutsch-data:modal,A1 Essential Verbs; https://www.dwds.de/wb/wollen#2; WOL-len
fahren,A1,to drive/ride,Sie fuhr nach Berlin.,Er ist Auto gefahren.,,sein,,,fuhr,gefahren,ist gefahren,true,Goethe-Institut; dwds-goethe-A1.csv,A2 Common Verbs; https://www.dwds.de/wb/fahren
fliegen,A1,to fly,Das Flugzeug flog nach Paris.,Wir sind nach London geflogen.,,sein,,,flog,geflogen,ist geflogen,true,Goethe-Institut; dwds-goethe-A1.csv,A2 Common Verbs; https://www.dwds.de/wb/fliegen
laufen,A1,to run/walk,Er lief schnell.,Sie ist einen Marathon gelaufen.,,sein,,,lief,gelaufen,ist gelaufen,true,Goethe-Institut; dwds-goethe-A1.csv,A2 Common Verbs; https://www.dwds.de/wb/laufen
schwimmen,A1,to swim,Er schwamm im See.,Sie ist einen Kilometer geschwommen.,,sein,,,schwamm,geschwommen,ist geschwommen,true,Goethe-Institut; dwds-goethe-A1.csv,A2 Common Verbs; https://www.dwds.de/wb/schwimmen
tanzen,A1,to dance,Sie tanzten die ganze Nacht.,Wir haben Salsa getanzt.,,haben,,,tanzte,getanzt,hat getanzt,true,Goethe-Institut; dwds-goethe-A1.csv,A2 Common Verbs; https://www.dwds.de/wb/tanzen
beschließen,B1,to decide,Das Komitee beschloss die Änderungen.,Sie haben eine neue Strategie beschlossen.,,haben,,,beschloss,beschlossen,hat beschlossen,true,Duden; dwds-goethe-B1.csv,B1 Intermediate Verbs; https://www.dwds.de/wb/beschlie%C3%9Fen
entstehen,B1,to develop/arise,Daraus entstand eine neue Idee.,Das Problem ist plötzlich entstanden.,,sein,,,entstand,entstanden,ist entstanden,true,Duden; dwds-goethe-B1.csv,B1 Intermediate Verbs; https://www.dwds.de/wb/entstehen
erreichen,A2,to reach/achieve,Sie erreichte ihr Ziel.,Er hat den Gipfel erreicht.,,haben,,,erreichte,erreicht,hat erreicht,true,Duden; dwds-goethe-A2.csv,B1 Intermediate Verbs; https://www.dwds.de/wb/erreichen
verbinden,B1,to connect/combine,Er verband die beiden Kabel.,Sie hat Tradition mit Innovation verbunden.,,haben,,,verband,verbunden,hat verbunden,true,Duden; dwds-goethe-B1.csv,B1 Intermediate Verbs; https://www.dwds.de/wb/verbinden
bewerten,B2,to evaluate/assess,Der Professor bewertete die Arbeiten.,Die Jury hat die Leistungen bewertet.,,haben,,,bewertete,bewertet,hat bewertet,true,Duden,B2 Advanced Verbs
durchführen,B2,to carry out/conduct,Das Team führte das Experiment durch.,Sie haben eine Studie durchgeführt.,,haben,,,führte durch,durchgeführt,hat durchgeführt,true,Duden,B2 Advanced Verbs
übertragen,B2,to transfer/transmit,Er übertrug die Verantwortung.,Die Krankheit hat sich schnell übertragen.,,haben,,,übertrug,übertragen,hat übertragen,true,Duden,B2 Advanced Verbs
beinhalten,C1,to contain/include,Der Vertrag beinhaltete wichtige Klauseln.,Das Angebot hat viele Vorteile beinhaltet.,,haben,,,beinhaltete,beinhaltet,hat beinhaltet,true,Duden,C1 Professional Verbs
entsprechen,C1,to correspond,Das Ergebnis entsprach den Erwartungen.,Die Leistung hat den Anforderungen entsprochen.,,haben,,,entsprach,entsprochen,hat entsprochen,true,Duden,C1 Professional Verbs
erörtern,C1,to discuss/debate,Das Gremium erörterte die Vorschläge.,Die Experten haben die Problematik erörtert.,,haben,,,erörterte,erörtert,hat erörtert,true,Duden,C1 Professional Verbs
differenzieren,C2,to differentiate,Der Experte differenzierte zwischen den Konzepten.,Sie hat genau zwischen den Optionen differenziert.,,haben,,,differenzierte,differenziert,hat differenziert,true,Duden,C2 Academic Verbs
gedeihen,C2,to thrive/flourish,Das Unternehmen gedieh unter seiner Führung.,Die Pflanzen sind prächtig gediehen.,,sein,,,gedieh,gediehen,ist gediehen,true,Duden,C2 Academic Verbs
suggerieren,C2,to suggest/imply,Der Text suggerierte eine andere Interpretation.,Die Studie hat einen Zusammenhang suggeriert.,,haben,,,suggerierte,suggeriert,hat suggeriert,true,Duden,C2 Academic Verbs
abfahren,A1,,,,,,,,,,,false,dwds-goethe-A1.csv,https://www.dwds.de/wb/abfahren
abfliegen,A1,,,,,,,,,,,false,dwds-goethe-A1.csv,https://www.dwds.de/wb/abfliegen
abgeben,A1,,,,,,,,,,,false,dwds-goethe-A1.csv,https://www.dwds.de/wb/abgeben
abholen,A1,,,,,,,,,,,false,dwds-goethe-A1.csv,https://www.dwds.de/wb/abholen
anbieten,A1,,,,,,,,,,,false,dwds-goethe-A1.csv,https://www.dwds.de/wb/anbieten
anfangen,A1,,,,,,,,,,,false,dwds-goethe-A1.csv,https://www.dwds.de/wb/anfangen
anklicken,A1,,,,,,,,,,,false,dwds-goethe-A1.csv,https://www.dwds.de/wb/anklicken
ankommen,A1,,,,,,,,,,,false,dwds-goethe-A1.csv,https://www.dwds.de/wb/ankommen
ankreuzen,A1,,,,,,,,,,,false,dwds-goethe-A1.csv,https://www.dwds.de/wb/ankreuzen
anmachen,A1,,,,,,,,,,,false,dwds-goethe-A1.csv,https://www.dwds.de/wb/anmachen
anmelden,A1,,,,,,,,,,,false,dwds-goethe-A1.csv,https://www.dwds.de/wb/anmelden
anrufen,A1,to call (phone),,,true,,rufe an,ruft an,,,,false,dwds-goethe-A1.csv; learn-deutsch-data:verbs,"https://www.dwds.de/wb/anrufen; ""anrufen"" is a separable verb. The prefix ""an-"" goes to the end of the clause in the present tense."
antworten,A1,,,,,,,,,,,false,dwds-goethe-A1.csv,https://www.dwds.de/wb/antworten
anziehen,A1,,,,,,,,,,,false,dwds-goethe-A1.csv,https://www.dwds.de/wb/anziehen
auf sein,A1,,,,,,,,,,,false,dwds-goethe-A1.csv,https://www.dwds.de/wb/auf%20sein
aufhören,A1,,,,,,,,,,,false,dwds-goethe-A1.csv,https://www.dwds.de/wb/aufh%C3%B6ren
aufstehen,A1,,,,,,,,,,,false,dwds-goethe-A1.csv,https://www.dwds.de/wb/aufstehen
aus sein,A1,,,,,,,,,,,false,dwds-goethe-A1.csv,https://www.dwds.de/wb/aus%20sein
ausfüllen,A1,,,,,,,,,,,false,dwds-goethe-A1.csv,https://www.dwds.de/wb/ausf%C3%BCllen
ausmachen,A1,,,,,,,,,,,false,dwds-goethe-A1.csv,https://www.dwds.de/wb/ausmachen
aussehen,A1,,,,,,,,,,,false,dwds-goethe-A1.csv,https://www.dwds.de/wb/aussehen
aussteigen,A1,,,,,,,,,,,false,dwds-goethe-A1.csv,https://www.dwds.de/wb/aussteigen
ausziehen,A1,,,,,,,,,,,false,dwds-goethe-A1.csv,https://www.dwds.de/wb/ausziehen
baden,A1,,,,,,,,,,,false,dwds-goethe-A1.csv,https://www.dwds.de/wb/baden
bedeuten,A1,,,,,,,,,,,false,dwds-goethe-A1.csv,https://www.dwds.de/wb/bedeuten
beginnen,A1,,,,,,,,,,,false,dwds-goethe-A1.csv,https://www.dwds.de/wb/beginnen
bekommen,A1,,,,,,,,,,,false,dwds-goethe-A1.csv,https://www.dwds.de/wb/bekommen
benutzen,A1,,,,,,,,,,,false,dwds-goethe-A1.csv,https://www.dwds.de/wb/benutzen
besichtigen,A1,,,,,,,,,,,false,dwds-goethe-A1.csv,https://www.dwds.de/wb/besichtigen
bestellen,A1,,,,,,,,,,,false,dwds-goethe-A1.csv,https://www.dwds.de/wb/bestellen
besuchen,A1,,,,,,,,,,,false,dwds-goethe-A1.csv,https://www.dwds.de/wb/besuchen
bezahlen,A1,,,,,,,,,,,false,dwds-goethe-A1.csv,https://www.dwds.de/wb/bezahlen
bitten,A1,,,,,,,,,,,false,dwds-goethe-A1.csv,https://www.dwds.de/wb/bitten
bleiben,A1,,,,,,,,,,,false,dwds-goethe-A1.csv,https://www.dwds.de/wb/bleiben
brauchen,A1,,,,,,,,,,,false,dwds-goethe-A1.csv,https://www.dwds.de/wb/brauchen
bringen,A1,,,,,,,,,,,false,dwds-goethe-A1.csv,https://www.dwds.de/wb/bringen
buchstabieren,A1,,,,,,,,,,,false,dwds-goethe-A1.csv,https://www.dwds.de/wb/buchstabieren
danken,A1,,,,,,,,,,,false,dwds-goethe-A1.csv,https://www.dwds.de/wb/danken
dauern,A1,,,,,,,,,,,false,dwds-goethe-A1.csv,https://www.dwds.de/wb/dauern#1
drucken,A1,,,,,,,,,,,false,dwds-goethe-A1.csv,https://www.dwds.de/wb/drucken
drücken,A1,,,,,,,,,,,false,dwds-goethe-A1.csv,https://www.dwds.de/wb/dr%C3%BCcken
duschen,A1,,,,,,,,,,,false,dwds-goethe-A1.csv,https://www.dwds.de/wb/duschen
dürfen,A1,"may, to be allowed to",,,,,darf,darf,,,,false,dwds-goethe-A1.csv; learn-deutsch-data:modal,https://www.dwds.de/wb/d%C3%BCrfen; DÜR-fen
einkaufen,A1,,,,,,,,,,,false,dwds-goethe-A1.csv,https://www.dwds.de/wb/einkaufen
einladen,A1,,,,,,,,,,,false,dwds-goethe-A1.csv,https://www.dwds.de/wb/einladen#2
einsteigen,A1,,,,,,,,,,,false,dwds-goethe-A1.csv,https://www.dwds.de/wb/einsteigen
empfehlen,A1,,,,,,,,,,,false,dwds-goethe-A1.csv,https://www.dwds.de/wb/empfehlen
enden,A1,,,,,,,,,,,false,dwds-goethe-A1.csv,https://www.dwds.de/wb/enden
entschuldigen,A1,,,,,,,,,,,false,dwds-goethe-A1.csv,https://www.dwds.de/wb/entschuldigen
erklären,A1,,,,,,,,,,,false,dwds-goethe-A1.csv,https://www.dwds.de/wb/erkl%C3%A4ren
erlauben,A1,,,,,,,,,,,false,dwds-goethe-A1.csv,https://www.dwds.de/wb/erlauben
erzählen,A1,,,,,,,,,,,false,dwds-goethe-A1.csv,https://www.dwds.de/wb/erz%C3%A4hlen
fehlen,A1,,,,,,,,,,,false,dwds-goethe-A1.csv,https://www.dwds.de/wb/fehlen#1
feiern,A1,,,,,,,,,,,false,dwds-goethe-A1.csv,https://www.dwds.de/wb/feiern
fernsehen,A1,,,,,,,,,,,false,dwds-goethe-A1.csv,https://www.dwds.de/wb/fernsehen
finden,A1,,,,,,,,,,,false,dwds-goethe-A1.csv,https://www.dwds.de/wb/finden
fragen,A1,,,,,,,,,,,false,dwds-goethe-A1.csv,https://www.dwds.de/wb/fragen
freuen,A1,,,,,,,,,,,false,dwds-goethe-A1.csv,https://www.dwds.de/wb/freuen
frühstücken,A1,,,,,,,,,,,false,dwds-goethe-A1.csv,https://www.dwds.de/wb/fr%C3%BChst%C3%BCcken
geben,A1,,,,,,,,,,,false,dwds-goethe-A1.csv,https://www.dwds.de/wb/geben
gefallen,A1,,,,,,,,,,,false,dwds-goethe-A1.csv,https://www.dwds.de/wb/gefallen#1
gehören,A1,,,,,,,,,,,false,dwds-goethe-A1.csv,https://www.dwds.de/wb/geh%C3%B6ren
gewinnen,A1,,,,,,,,,,,false,dwds-goethe-A1.csv,https://www.dwds.de/wb/gewinnen
glauben,A1,,,,,,,,,,,false,dwds-goethe-A1.csv,https://www.dwds.de/wb/glauben
gratulieren,A1,,,,,,,,,,,false,dwds-goethe-A1.csv,https://www.dwds.de/wb/gratulieren
grillen,A1,,,,,,,,,,,false,dwds-goethe-A1.csv,https://www.dwds.de/wb/grillen
halten,A1,,,,,,,,,,,false,dwds-goethe-A1.csv,https://www.dwds.de/wb/halten
heiraten,A1,,,,,,,,,,,false,dwds-goethe-A1.csv,https://www.dwds.de/wb/heiraten
helfen,A1,,,,,,,,,,,false,dwds-goethe-A1.csv,https://www.dwds.de/wb/helfen
holen,A1,,,,,,,,,,,false,dwds-goethe-A1.csv,https://www.dwds.de/wb/holen
kennen,A1,,,,,,,,,,,false,dwds-goethe-A1.csv,https://www.dwds.de/wb/kennen
kennen lernen,A1,,,,,,,,,,,false,dwds-goethe-A1.csv,https://www.dwds.de/wb/kennen%20lernen
kennenlernen,A1,,,,,,,,,,,false,dwds-goethe-A1.csv,https://www.dwds.de/wb/kennenlernen
kochen,A1,,,,,,,,,,,false,dwds-goethe-A1.csv,https://www.dwds.de/wb/kochen
kosten,A1,,,,,,,,,,,false,dwds-goethe-A1.csv,https://www.dwds.de/wb/kosten#2
kriegen,A1,,,,,,,,,,,false,dwds-goethe-A1.csv,https://www.dwds.de/wb/kriegen#1
kümmern,A1,,,,,,,,,,,false,dwds-goethe-A1.csv,https://www.dwds.de/wb/k%C3%BCmmern#1
lachen,A1,,,,,,,,,,,false,dwds-goethe-A1.csv,https://www.dwds.de/wb/lachen
legen,A1,,,,,,,,,,,false,dwds-goethe-A1.csv,https://www.dwds.de/wb/legen
lieben,A1,,,,,,,,,,,false,dwds-goethe-A1.csv,https://www.dwds.de/wb/lieben
liegen,A1,,,,,,,,,,,false,dwds-goethe-A1.csv,https://www.dwds.de/wb/liegen
mieten,A1,,,,,,,,,,,false,dwds-goethe-A1.csv,https://www.dwds.de/wb/mieten
mitbringen,A1,,,,,,,,,,,false,dwds-goethe-A1.csv,https://www.dwds.de/wb/mitbringen
mitkommen,A1,,,,,,,,,,,false,dwds-goethe-A1.csv,https://www.dwds.de/wb/mitkommen
mitmachen,A1,,,,,,,,,,,false,dwds-goethe-A1.csv,https://www.dwds.de/wb/mitmachen
mögen,A1,to like,,,,,mag,mag,,,,false,dwds-goethe-A1.csv; learn-deutsch-data:modal,https://www.dwds.de/wb/m%C3%B6gen; MÖ-gen
nehmen,A1,,,,,,,,,,,false,dwds-goethe-A1.csv,https://www.dwds.de/wb/nehmen
rauchen,A1,,,,,,,,,,,false,dwds-goethe-A1.csv,https://www.dwds.de/wb/rauchen
regnen,A1,,,,,,,,,,,false,dwds-goethe-A1.csv,https://www.dwds.de/wb/regnen
reisen,A1,,,,,,,,,,,false,dwds-goethe-A1.csv,https://www.dwds.de/wb/reisen
reparieren,A1,,,,,,,,,,,false,dwds-goethe-A1.csv,https://www.dwds.de/wb/reparieren
riechen,A1,,,,,,,,,,,false,dwds-goethe-A1.csv,https://www.dwds.de/wb/riechen
sagen,A1,,,,,,,,,,,false,dwds-goethe-A1.csv,https://www.dwds.de/wb/sagen
scheinen,A1,,,,,,,,,,,false,dwds-goethe-A1.csv,https://www.dwds.de/wb/scheinen
schicken,A1,,,,,,,,,,,false,dwds-goethe-A1.csv,https://www.dwds.de/wb/schicken#1
schließen,A1,,,,,,,,,,,false,dwds-goethe-A1.csv,https://www.dwds.de/wb/schlie%C3%9Fen
schmecken,A1,,,,,,,,,,,false,dwds-goethe-A1.csv,https://www.dwds.de/wb/schmecken
sitzen,A1,,,,,,,,,,,false,dwds-goethe-A1.csv,https://www.dwds.de/wb/sitzen
stehen,A1,,,,,,,,,,,false,dwds-goethe-A1.csv,https://www.dwds.de/wb/stehen
stellen,A1,,,,,,,,,,,false,dwds-goethe-A1.csv,https://www.dwds.de/wb/stellen
studieren,A1,,,,,,,,,,,false,dwds-goethe-A1.csv,https://www.dwds.de/wb/studieren
suchen,A1,,,,,,,,,,,false,dwds-goethe-A1.csv,https://www.dwds.de/wb/suchen
telefonieren,A1,,,,,,,,,,,false,dwds-goethe-A1.csv,https://www.dwds.de/wb/telefonieren
treffen,A1,,,,,,,,,,,false,dwds-goethe-A1.csv,https://www.dwds.de/wb/treffen
tun,A1,,,,,,,,,,,false,dwds-goethe-A1.csv,https://www.dwds.de/wb/tun
umziehen,A1,,,,,,,,,,,false,dwds-goethe-A1.csv,https://www.dwds.de/wb/umziehen
unterschreiben,A1,,,,,,,,,,,false,dwds-goethe-A1.csv,https://www.dwds.de/wb/unterschreiben
verdienen,A1,,,,,,,,,,,false,dwds-goethe-A1.csv,https://www.dwds.de/wb/verdienen
verkaufen,A1,,,,,,,,,,,false,dwds-goethe-A1.csv,https://www.dwds.de/wb/verkaufen
vermieten,A1,,,,,,,,,,,false,dwds-goethe-A1.csv,https://www.dwds.de/wb/vermieten
verstehen,A1,,,,,,,,,,,false,dwds-goethe-A1.csv,https://www.dwds.de/wb/verstehen#1
vorstellen,A1,,,,,,,,,,,false,dwds-goethe-A1.csv,https://www.dwds.de/wb/vorstellen
wandern,A1,,,,,,,,,,,false,dwds-goethe-A1.csv,https://www.dwds.de/wb/wandern
warten,A1,,,,,,,,,,,false,dwds-goethe-A1.csv,https://www.dwds.de/wb/warten#1
waschen,A1,,,,,,,,,,,false,dwds-goethe-A1.csv,https://www.dwds.de/wb/waschen
weg sein,A1,,,,,,,,,,,false,dwds-goethe-A1.csv,https://www.dwds.de/wb/weg%20sein
weh tun,A1,,,,,,,,,,,false,dwds-goethe-A1.csv,https://www.dwds.de/wb/weh%20tun
wehtun,A1,,,,,,,,,,,false,dwds-goethe-A1.csv,https://www.dwds.de/wb/wehtun
wieder holen,A1,,,,,,,,,,,false,dwds-goethe-A1.csv,https://www.dwds.de/wb/wieder%20holen
wiederholen,A1,,,,,,,,,,,false,dwds-goethe-A1.csv,https://www.dwds.de/wb/wiederholen#1
wissen,A1,,,,,,,,,,,false,dwds-goethe-A1.csv,https://www.dwds.de/wb/wissen
zahlen,A1,,,,,,,,,,,false,dwds-goethe-A1.csv,https://www.dwds.de/wb/zahlen
zu sein,A1,,,,,,,,,,,false,dwds-goethe-A1.csv,https://www.dwds.de/wb/zu%20sein
öffnen,A1,,,,,,,,,,,false,dwds-goethe-A1.csv,https://www.dwds.de/wb/%C3%B6ffnen
übernachten,A1,,,,,,,,,,,false,dwds-goethe-A1.csv,https://www.dwds.de/wb/%C3%BCbernachten
überweisen,A1,,,,,,,,,,,false,dwds-goethe-A1.csv,https://www.dwds.de/wb/%C3%BCberweisen
abschließen,A2,,,,,,,,,,,false,dwds-goethe-A2.csv,https://www.dwds.de/wb/abschlie%C3%9Fen
ansehen,A2,,,,,,,,,,,false,dwds-goethe-A2.csv,https://www.dwds.de/wb/ansehen
aufmachen,A2,,,,,,,,,,,false,dwds-goethe-A2.csv,https://www.dwds.de/wb/aufmachen
aufpassen,A2,,,,,,,,,,,false,dwds-goethe-A2.csv,https://www.dwds.de/wb/aufpassen
aufregen,A2,,,,,,,,,,,false,dwds-goethe-A2.csv,https://www.dwds.de/wb/aufregen
aufräumen,A2,,,,,,,,,,,false,dwds-goethe-A2.csv,https://www.dwds.de/wb/aufr%C3%A4umen
ausgeben,A2,,,,,,,,,,,false,dwds-goethe-A2.csv,https://www.dwds.de/wb/ausgeben
ausgehen,A2,,,,,,,,,,,false,dwds-goethe-A2.csv,https://www.dwds.de/wb/ausgehen
auspacken,A2,,,,,,,,,,,false,dwds-goethe-A2.csv,https://www.dwds.de/wb/auspacken
ausruhen,A2,,,,,,,,,,,false,dwds-goethe-A2.csv,https://www.dwds.de/wb/ausruhen
aussprechen,A2,,,,,,,,,,,false,dwds-goethe-A2.csv,https://www.dwds.de/wb/aussprechen
austauschen,A2,,,,,,,,,,,false,dwds-goethe-A2.csv,https://www.dwds.de/wb/austauschen
austragen,A2,,,,,,,,,,,false,dwds-goethe-A2.csv,https://www.dwds.de/wb/austragen
backen,A2,,,,,,,,,,,false,dwds-goethe-A2.csv,https://www.dwds.de/wb/backen#1
basteln,A2,,,,,,,,,,,false,dwds-goethe-A2.csv,https://www.dwds.de/wb/basteln
bauen,A2,,,,,,,,,,,false,dwds-goethe-A2.csv,https://www.dwds.de/wb/bauen#1
beantworten,A2,,,,,,,,,,,false,dwds-goethe-A2.csv,https://www.dwds.de/wb/beantworten
bedanken,A2,,,,,,,,,,,false,dwds-goethe-A2.csv,https://www.dwds.de/wb/bedanken
beeilen,A2,,,,,,,,,,,false,dwds-goethe-A2.csv,https://www.dwds.de/wb/beeilen
beenden,A2,,,,,,,,,,,false,dwds-goethe-A2.csv,https://www.dwds.de/wb/beenden
begründen,A2,,,,,,,,,,,false,dwds-goethe-A2.csv,https://www.dwds.de/wb/begr%C3%BCnden
beraten,A2,,,,,,,,,,,false,dwds-goethe-A2.csv,https://www.dwds.de/wb/beraten
berichten,A2,,,,,,,,,,,false,dwds-goethe-A2.csv,https://www.dwds.de/wb/berichten
beschreiben,A2,,,,,,,,,,,false,dwds-goethe-A2.csv,https://www.dwds.de/wb/beschreiben
beschweren,A2,,,,,,,,,,,false,dwds-goethe-A2.csv,https://www.dwds.de/wb/beschweren#2
bestehen,A2,,,,,,,,,,,false,dwds-goethe-A2.csv,https://www.dwds.de/wb/bestehen
bestätigen,A2,,,,,,,,,,,false,dwds-goethe-A2.csv,https://www.dwds.de/wb/best%C3%A4tigen
bewerben,A2,,,,,,,,,,,false,dwds-goethe-A2.csv,https://www.dwds.de/wb/bewerben
braten,A2,,,,,,,,,,,false,dwds-goethe-A2.csv,https://www.dwds.de/wb/braten
buchen,A2,,,,,,,,,,,false,dwds-goethe-A2.csv,https://www.dwds.de/wb/buchen
chatten,A2,,,,,,,,,,,false,dwds-goethe-A2.csv,https://www.dwds.de/wb/chatten
denken,A2,,,,,,,,,,,false,dwds-goethe-A2.csv,https://www.dwds.de/wb/denken
diskutieren,A2,,,,,,,,,,,false,dwds-goethe-A2.csv,https://www.dwds.de/wb/diskutieren
einpacken,A2,,,,,,,,,,,false,dwds-goethe-A2.csv,https://www.dwds.de/wb/einpacken
eintragen,A2,,,,,,,,,,,false,dwds-goethe-A2.csv,https://www.dwds.de/wb/eintragen
einziehen,A2,,,,,,,,,,,false,dwds-goethe-A2.csv,https://www.dwds.de/wb/einziehen
erinnern,A2,,,,,,,,,,,false,dwds-goethe-A2.csv,https://www.dwds.de/wb/erinnern
fallen,A2,,,,,,,,,,,false,dwds-goethe-A2.csv,https://www.dwds.de/wb/fallen
fotografieren,A2,,,,,,,,,,,false,dwds-goethe-A2.csv,https://www.dwds.de/wb/fotografieren
fühlen,A2,,,,,,,,,,,false,dwds-goethe-A2.csv,https://www.dwds.de/wb/f%C3%BChlen
herstellen,A2,,,,,,,,,,,false,dwds-goethe-A2.csv,https://www.dwds.de/wb/herstellen#2
herunterladen,A2,,,,,,,,,,,false,dwds-goethe-A2.csv,https://www.dwds.de/wb/herunterladen
hoffen,A2,,,,,,,,,,,false,dwds-goethe-A2.csv,https://www.dwds.de/wb/hoffen
husten,A2,,,,,,,,,,,false,dwds-goethe-A2.csv,https://www.dwds.de/wb/husten
hängen,A2,,,,,,,,,,,false,dwds-goethe-A2.csv,https://www.dwds.de/wb/h%C3%A4ngen#1; https://www.dwds.de/wb/h%C3%A4ngen#2
informieren,A2,,,,,,,,,,,false,dwds-goethe-A2.csv,https://www.dwds.de/wb/informieren
interessieren,A2,,,,,,,,,,,false,dwds-goethe-A2.csv,https://www.dwds.de/wb/interessieren
joggen,A2,,,,,,,,,,,false,dwds-goethe-A2.csv,https://www.dwds.de/wb/joggen
klappen,A2,,,,,,,,,,,false,dwds-goethe-A2.csv,https://www.dwds.de/wb/klappen
kontrollieren,A2,,,,,,,,,,,false,dwds-goethe-A2.csv,https://www.dwds.de/wb/kontrollieren
kündigen,A2,,,,,,,,,,,false,dwds-goethe-A2.csv,https://www.dwds.de/wb/k%C3%BCndigen
lassen,A2,,,,,,,,,,,false,dwds-goethe-A2.csv,https://www.dwds.de/wb/lassen
leidtun,A2,,,,,,,,,,,false,dwds-goethe-A2.csv,https://www.dwds.de/wb/leidtun
leihen,A2,,,,,,,,,,,false,dwds-goethe-A2.csv,https://www.dwds.de/wb/leihen
liefern,A2,,,,,,,,,,,false,dwds-goethe-A2.csv,https://www.dwds.de/wb/liefern
lügen,A2,,,,,,,,,,,false,dwds-goethe-A2.csv,https://www.dwds.de/wb/l%C3%BCgen
malen,A2,,,,,,,,,,,false,dwds-goethe-A2.csv,https://www.dwds.de/wb/malen
meinen,A2,,,,,,,,,,,false,dwds-goethe-A2.csv,https://www.dwds.de/wb/meinen
merken,A2,,,,,,,,,,,false,dwds-goethe-A2.csv,https://www.dwds.de/wb/merken
nennen,A2,,,,,,,,,,,false,dwds-goethe-A2.csv,https://www.dwds.de/wb/nennen
notieren,A2,,,,,,,,,,,false,dwds-goethe-A2.csv,https://www.dwds.de/wb/notieren
organisieren,A2,,,,,,,,,,,false,dwds-goethe-A2.csv,https://www.dwds.de/wb/organisieren
packen,A2,,,,,,,,,,,false,dwds-goethe-A2.csv,https://www.dwds.de/wb/packen
parken,A2,,,,,,,,,,,false,dwds-goethe-A2.csv,https://www.dwds.de/wb/parken
passen,A2,,,,,,,,,,,false,dwds-goethe-A2.csv,https://www.dwds.de/wb/passen
passieren,A2,,,,,,,,,,,false,dwds-goethe-A2.csv,https://www.dwds.de/wb/passieren#2
planen,A2,,,,,,,,,,,false,dwds-goethe-A2.csv,https://www.dwds.de/wb/planen
probieren,A2,,,,,,,,,,,false,dwds-goethe-A2.csv,https://www.dwds.de/wb/probieren
prüfen,A2,,,,,,,,,,,false,dwds-goethe-A2.csv,https://www.dwds.de/wb/pr%C3%BCfen
putzen,A2,,,,,,,,,,,false,dwds-goethe-A2.csv,https://www.dwds.de/wb/putzen
raten,A2,,,,,,,,,,,false,dwds-goethe-A2.csv,https://www.dwds.de/wb/raten#1; https://www.dwds.de/wb/raten#2
rechnen,A2,,,,,,,,,,,false,dwds-goethe-A2.csv,https://www.dwds.de/wb/rechnen
reden,A2,,,,,,,,,,,false,dwds-goethe-A2.csv,https://www.dwds.de/wb/reden
reiten,A2,,,,,,,,,,,false,dwds-goethe-A2.csv,https://www.dwds.de/wb/reiten
renovieren,A2,,,,,,,,,,,false,dwds-goethe-A2.csv,https://www.dwds.de/wb/renovieren
reservieren,A2,,,,,,,,,,,false,dwds-goethe-A2.csv,https://www.dwds.de/wb/reservieren
rufen,A2,,,,,,,,,,,false,dwds-goethe-A2.csv,https://www.dwds.de/wb/rufen
sammeln,A2,,,,,,,,,,,false,dwds-goethe-A2.csv,https://www.dwds.de/wb/sammeln
schaffen,A2,,,,,,,,,,,false,dwds-goethe-A2.csv,https://www.dwds.de/wb/schaffen
schenken,A2,,,,,,,,,,,false,dwds-goethe-A2.csv,https://www.dwds.de/wb/schenken
schimpfen,A2,,,,,,,,,,,false,dwds-goethe-A2.csv,https://www.dwds.de/wb/schimpfen
schneiden,A2,,,,,,,,,,,false,dwds-goethe-A2.csv,https://www.dwds.de/wb/schneiden
schneien,A2,,,,,,,,,,,false,dwds-goethe-A2.csv,https://www.dwds.de/wb/schneien
setzen,A2,,,,,,,,,,,false,dwds-goethe-A2.csv,https://www.dwds.de/wb/setzen
singen,A2,,,,,,,,,,,false,dwds-goethe-A2.csv,https://www.dwds.de/wb/singen
sparen,A2,,,,,,,,,,,false,dwds-goethe-A2.csv,https://www.dwds.de/wb/sparen
spazieren,A2,,,,,,,,,,,false,dwds-goethe-A2.csv,https://www.dwds.de/wb/spazieren
stattfinden,A2,,,,,,,,,,,false,dwds-goethe-A2.csv,https://www.dwds.de/wb/stattfinden
sterben,A2,,,,,,,,,,,false,dwds-goethe-A2.csv,https://www.dwds.de/wb/sterben
streiten,A2,,,,,,,,,,,false,dwds-goethe-A2.csv,https://www.dwds.de/wb/streiten
stören,A2,,,,,,,,,,,false,dwds-goethe-A2.csv,https://www.dwds.de/wb/st%C3%B6ren
surfen,A2,,,,,,,,,,,false,dwds-goethe-A2.csv,https://www.dwds.de/wb/surfen
tauschen,A2,,,,,,,,,,,false,dwds-goethe-A2.csv,https://www.dwds.de/wb/tauschen
teilen,A2,,,,,,,,,,,false,dwds-goethe-A2.csv,https://www.dwds.de/wb/teilen
teilnehmen,A2,,,,,,,,,,,false,dwds-goethe-A2.csv,https://www.dwds.de/wb/teilnehmen
tragen,A2,,,,,,,,,,,false,dwds-goethe-A2.csv,https://www.dwds.de/wb/tragen
trainieren,A2,,,,,,,,,,,false,dwds-goethe-A2.csv,https://www.dwds.de/wb/trainieren
träumen,A2,,,,,,,,,,,false,dwds-goethe-A2.csv,https://www.dwds.de/wb/tr%C3%A4umen
umsteigen,A2,,,,,,,,,,,false,dwds-goethe-A2.csv,https://www.dwds.de/wb/umsteigen
unterhalten,A2,,,,,,,,,,,false,dwds-goethe-A2.csv,https://www.dwds.de/wb/unterhalten#1; https://www.dwds.de/wb/unterhalten#2
unternehmen,A2,,,,,,,,,,,false,dwds-goethe-A2.csv,https://www.dwds.de/wb/unternehmen
untersuchen,A2,,,,,,,,,,,false,dwds-goethe-A2.csv,https://www.dwds.de/wb/untersuchen
verabreden,A2,,,,,,,,,,,false,dwds-goethe-A2.csv,https://www.dwds.de/wb/verabreden
verbieten,A2,,,,,,,,,,,false,dwds-goethe-A2.csv,https://www.dwds.de/wb/verbieten
vereinbaren,A2,,,,,,,,,,,false,dwds-goethe-A2.csv,https://www.dwds.de/wb/vereinbaren
vergessen,A2,,,,,,,,,,,false,dwds-goethe-A2.csv,https://www.dwds.de/wb/vergessen
vergleichen,A2,,,,,,,,,,,false,dwds-goethe-A2.csv,https://www.dwds.de/wb/vergleichen
verletzen,A2,,,,,,,,,,,false,dwds-goethe-A2.csv,https://www.dwds.de/wb/verletzen
verlieben,A2,,,,,,,,,,,false,dwds-goethe-A2.csv,https://www.dwds.de/wb/verlieben
verlieren,A2,,,,,,,,,,,false,dwds-goethe-A2.csv,https://www.dwds.de/wb/verlieren
verpassen,A2,,,,,,,,,,,false,dwds-goethe-A2.csv,https://www.dwds.de/wb/verpassen
verreisen,A2,,,,,,,,,,,false,dwds-goethe-A2.csv,https://www.dwds.de/wb/verreisen
verschieben,A2,,,,,,,,,,,false,dwds-goethe-A2.csv,https://www.dwds.de/wb/verschieben
versuchen,A2,,,,,,,,,,,false,dwds-goethe-A2.csv,https://www.dwds.de/wb/versuchen
vorbereiten,A2,,,,,,,,,,,false,dwds-goethe-A2.csv,https://www.dwds.de/wb/vorbereiten
wechseln,A2,,,,,,,,,,,false,dwds-goethe-A2.csv,https://www.dwds.de/wb/wechseln
wecken,A2,,,,,,,,,,,false,dwds-goethe-A2.csv,https://www.dwds.de/wb/wecken
weinen,A2,,,,,,,,,,,false,dwds-goethe-A2.csv,https://www.dwds.de/wb/weinen
wählen,A2,,,,,,,,,,,false,dwds-goethe-A2.csv,https://www.dwds.de/wb/w%C3%A4hlen
wünschen,A2,,,,,,,,,,,false,dwds-goethe-A2.csv,https://www.dwds.de/wb/w%C3%BCnschen
zeichnen,A2,,,,,,,,,,,false,dwds-goethe-A2.csv,https://www.dwds.de/wb/zeichnen
zeigen,A2,,,,,,,,,,,false,dwds-goethe-A2.csv,https://www.dwds.de/wb/zeigen
ziehen,A2,,,,,,,,,,,false,dwds-goethe-A2.csv,https://www.dwds.de/wb/ziehen
zuhören,A2,,,,,,,,,,,false,dwds-goethe-A2.csv,https://www.dwds.de/wb/zuh%C3%B6ren
zumachen,A2,,,,,,,,,,,false,dwds-goethe-A2.csv,https://www.dwds.de/wb/zumachen
zurückfahren,A2,,,,,,,,,,,false,dwds-goethe-A2.csv,https://www.dwds.de/wb/zur%C3%BCckfahren
zurückgeben,A2,,,,,,,,,,,false,dwds-goethe-A2.csv,https://www.dwds.de/wb/zur%C3%BCckgeben
zurückgehen,A2,,,,,,,,,,,false,dwds-goethe-A2.csv,https://www.dwds.de/wb/zur%C3%BCckgehen
zurückkommen,A2,,,,,,,,,,,false,dwds-goethe-A2.csv,https://www.dwds.de/wb/zur%C3%BCckkommen
zurücklaufen,A2,,,,,,,,,,,false,dwds-goethe-A2.csv,https://www.dwds.de/wb/zur%C3%BCcklaufen
ändern,A2,,,,,,,,,,,false,dwds-goethe-A2.csv,https://www.dwds.de/wb/%C3%A4ndern
ärgern,A2,,,,,,,,,,,false,dwds-goethe-A2.csv,https://www.dwds.de/wb/%C3%A4rgern
üben,A2,,,,,,,,,,,false,dwds-goethe-A2.csv,https://www.dwds.de/wb/%C3%BCben
übersetzen,A2,,,,,,,,,,,false,dwds-goethe-A2.csv,https://www.dwds.de/wb/%C3%BCbersetzen
abbiegen,B1,"to turn, to turn off",Biegen Sie jetzt links ab.,Now turn left.,,,,,,,,false,dwds-goethe-B1.csv; Manual Apply,https://www.dwds.de/wb/abbiegen
abheben,B1,,,,,,,,,,,false,dwds-goethe-B1.csv,https://www.dwds.de/wb/abheben
abhängen,B1,,,,,,,,,,,false,dwds-goethe-B1.csv,https://www.dwds.de/wb/abh%C3%A4ngen#1
ablehnen,B1,,,,,,,,,,,false,dwds-goethe-B1.csv,https://www.dwds.de/wb/ablehnen
abmachen,B1,,,,,,,,,,,false,dwds-goethe-B1.csv,https://www.dwds.de/wb/abmachen
abnehmen,B1,,,,,,,,,,,false,dwds-goethe-B1.csv,https://www.dwds.de/wb/abnehmen
abonnieren,B1,,,,,,,,,,,false,dwds-goethe-B1.csv,https://www.dwds.de/wb/abonnieren
absagen,B1,,,,,,,,,,,false,dwds-goethe-B1.csv,https://www.dwds.de/wb/absagen
abschreiben,B1,,,,,,,,,,,false,dwds-goethe-B1.csv,https://www.dwds.de/wb/abschreiben
abstimmen,B1,,,,,,,,,,,false,dwds-goethe-B1.csv,https://www.dwds.de/wb/abstimmen
abwaschen,B1,,,,,,,,,,,false,dwds-goethe-B1.csv,https://www.dwds.de/wb/abwaschen
achten,B1,,,,,,,,,,,false,dwds-goethe-B1.csv,https://www.dwds.de/wb/achten
akzeptieren,B1,,,,,,,,,,,false,dwds-goethe-B1.csv,https://www.dwds.de/wb/akzeptieren
amüsieren,B1,,,,,,,,,,,false,dwds-goethe-B1.csv,https://www.dwds.de/wb/am%C3%BCsieren
analysieren,B1,,,,,,,,,,,false,dwds-goethe-B1.csv,https://www.dwds.de/wb/analysieren
anerkennen,B1,,,,,,,,,,,false,dwds-goethe-B1.csv,https://www.dwds.de/wb/anerkennen
angeben,B1,,,,,,,,,,,false,dwds-goethe-B1.csv,https://www.dwds.de/wb/angeben
anhaben,B1,,,,,,,,,,,false,dwds-goethe-B1.csv,https://www.dwds.de/wb/anhaben
ankündigen,B1,,,,,,,,,,,false,dwds-goethe-B1.csv,https://www.dwds.de/wb/ank%C3%BCndigen
annehmen,B1,,,,,,,,,,,false,dwds-goethe-B1.csv,https://www.dwds.de/wb/annehmen
anschaffen,B1,,,,,,,,,,,false,dwds-goethe-B1.csv,https://www.dwds.de/wb/anschaffen
anschließen,B1,,,,,,,,,,,false,dwds-goethe-B1.csv,https://www.dwds.de/wb/anschlie%C3%9Fen
anschnallen,B1,,,,,,,,,,,false,dwds-goethe-B1.csv,https://www.dwds.de/wb/anschnallen
ansprechen,B1,,,,,,,,,,,false,dwds-goethe-B1.csv,https://www.dwds.de/wb/ansprechen
anstellen,B1,,,,,,,,,,,false,dwds-goethe-B1.csv,https://www.dwds.de/wb/anstellen
anstrengen,B1,,,,,,,,,,,false,dwds-goethe-B1.csv,https://www.dwds.de/wb/anstrengen
anwenden,B1,,,,,,,,,,,false,dwds-goethe-B1.csv,https://www.dwds.de/wb/anwenden
anzeigen,B1,,,,,,,,,,,false,dwds-goethe-B1.csv,https://www.dwds.de/wb/anzeigen
atmen,B1,,,,,,,,,,,false,dwds-goethe-B1.csv,https://www.dwds.de/wb/atmen
auffallen,B1,,,,,,,,,,,false,dwds-goethe-B1.csv,https://www.dwds.de/wb/auffallen
auffordern,B1,,,,,,,,,,,false,dwds-goethe-B1.csv,https://www.dwds.de/wb/auffordern
aufführen,B1,,,,,,,,,,,false,dwds-goethe-B1.csv,https://www.dwds.de/wb/auff%C3%BChren
aufgeben,B1,,,,,,,,,,,false,dwds-goethe-B1.csv,https://www.dwds.de/wb/aufgeben
aufhalten,B1,,,,,,,,,,,false,dwds-goethe-B1.csv,https://www.dwds.de/wb/aufhalten
aufheben,B1,,,,,,,,,,,false,dwds-goethe-B1.csv,https://www.dwds.de/wb/aufheben
aufladen,B1,,,,,,,,,,,false,dwds-goethe-B1.csv,https://www.dwds.de/wb/aufladen
auflösen,B1,,,,,,,,,,,false,dwds-goethe-B1.csv,https://www.dwds.de/wb/aufl%C3%B6sen
aufnehmen,B1,,,,,,,,,,,false,dwds-goethe-B1.csv,https://www.dwds.de/wb/aufnehmen
aufschreiben,B1,,,,,,,,,,,false,dwds-goethe-B1.csv,https://www.dwds.de/wb/aufschreiben
auftreten,B1,,,,,,,,,,,false,dwds-goethe-B1.csv,https://www.dwds.de/wb/auftreten
aufwachen,B1,,,,,,,,,,,false,dwds-goethe-B1.csv,https://www.dwds.de/wb/aufwachen
ausbilden,B1,,,,,,,,,,,false,dwds-goethe-B1.csv,https://www.dwds.de/wb/ausbilden
ausdrucken,B1,,,,,,,,,,,false,dwds-goethe-B1.csv,https://www.dwds.de/wb/ausdrucken
ausfallen,B1,,,,,,,,,,,false,dwds-goethe-B1.csv,https://www.dwds.de/wb/ausfallen
ausreichen,B1,,,,,,,,,,,false,dwds-goethe-B1.csv,https://www.dwds.de/wb/ausreichen
ausrichten,B1,,,,,,,,,,,false,dwds-goethe-B1.csv,https://www.dwds.de/wb/ausrichten
ausschließen,B1,,,,,,,,,,,false,dwds-goethe-B1.csv,https://www.dwds.de/wb/ausschlie%C3%9Fen
ausstellen,B1,,,,,,,,,,,false,dwds-goethe-B1.csv,https://www.dwds.de/wb/ausstellen
aussuchen,B1,,,,,,,,,,,false,dwds-goethe-B1.csv,https://www.dwds.de/wb/aussuchen
auswählen,B1,,,,,,,,,,,false,dwds-goethe-B1.csv,https://www.dwds.de/wb/ausw%C3%A4hlen
beachten,B1,,,,,,,,,,,false,dwds-goethe-B1.csv,https://www.dwds.de/wb/beachten
beantragen,B1,,,,,,,,,,,false,dwds-goethe-B1.csv,https://www.dwds.de/wb/beantragen
bedienen,B1,,,,,,,,,,,false,dwds-goethe-B1.csv,https://www.dwds.de/wb/bedienen
beeinflussen,B1,,,,,,,,,,,false,dwds-goethe-B1.csv,https://www.dwds.de/wb/beeinflussen
befinden,B1,,,,,,,,,,,false,dwds-goethe-B1.csv,https://www.dwds.de/wb/befinden
begegnen,B1,,,,,,,,,,,false,dwds-goethe-B1.csv,https://www.dwds.de/wb/begegnen
begleiten,B1,,,,,,,,,,,false,dwds-goethe-B1.csv,https://www.dwds.de/wb/begleiten
begrüßen,B1,,,,,,,,,,,false,dwds-goethe-B1.csv,https://www.dwds.de/wb/begr%C3%BC%C3%9Fen
behalten,B1,,,,,,,,,,,false,dwds-goethe-B1.csv,https://www.dwds.de/wb/behalten
behandeln,B1,,,,,,,,,,,false,dwds-goethe-B1.csv,https://www.dwds.de/wb/behandeln
behaupten,B1,,,,,,,,,,,false,dwds-goethe-B1.csv,https://www.dwds.de/wb/behaupten
behindern,B1,,,,,,,,,,,false,dwds-goethe-B1.csv,https://www.dwds.de/wb/behindern
beißen,B1,,,,,,,,,,,false,dwds-goethe-B1.csv,https://www.dwds.de/wb/bei%C3%9Fen
bekannt geben,B1,,,,,,,,,,,false,dwds-goethe-B1.csv,https://www.dwds.de/wb/bekannt%20geben
bekanntgeben,B1,,,,,,,,,,,false,dwds-goethe-B1.csv,https://www.dwds.de/wb/bekanntgeben
beleidigen,B1,,,,,,,,,,,false,dwds-goethe-B1.csv,https://www.dwds.de/wb/beleidigen
bemerken,B1,,,,,,,,,,,false,dwds-goethe-B1.csv,https://www.dwds.de/wb/bemerken
bemühen,B1,,,,,,,,,,,false,dwds-goethe-B1.csv,https://www.dwds.de/wb/bem%C3%BChen
benötigen,B1,,,,,,,,,,,false,dwds-goethe-B1.csv,https://www.dwds.de/wb/ben%C3%B6tigen
beobachten,B1,,,,,,,,,,,false,dwds-goethe-B1.csv,https://www.dwds.de/wb/beobachten
berechnen,B1,,,,,,,,,,,false,dwds-goethe-B1.csv,https://www.dwds.de/wb/berechnen
beruhigen,B1,,,,,,,,,,,false,dwds-goethe-B1.csv,https://www.dwds.de/wb/beruhigen
beschränken,B1,,,,,,,,,,,false,dwds-goethe-B1.csv,https://www.dwds.de/wb/beschr%C3%A4nken
beschädigen,B1,,,,,,,,,,,false,dwds-goethe-B1.csv,https://www.dwds.de/wb/besch%C3%A4digen
beschäftigen,B1,,,,,,,,,,,false,dwds-goethe-B1.csv,https://www.dwds.de/wb/besch%C3%A4ftigen
besetzen,B1,,,,,,,,,,,false,dwds-goethe-B1.csv,https://www.dwds.de/wb/besetzen
besorgen,B1,,,,,,,,,,,false,dwds-goethe-B1.csv,https://www.dwds.de/wb/besorgen
besprechen,B1,,,,,,,,,,,false,dwds-goethe-B1.csv,https://www.dwds.de/wb/besprechen
bestrafen,B1,,,,,,,,,,,false,dwds-goethe-B1.csv,https://www.dwds.de/wb/bestrafen
beteiligen,B1,,,,,,,,,,,false,dwds-goethe-B1.csv,https://www.dwds.de/wb/beteiligen
betreuen,B1,,,,,,,,,,,false,dwds-goethe-B1.csv,https://www.dwds.de/wb/betreuen
betrügen,B1,,,,,,,,,,,false,dwds-goethe-B1.csv,https://www.dwds.de/wb/betr%C3%BCgen
beweisen,B1,,,,,,,,,,,false,dwds-goethe-B1.csv,https://www.dwds.de/wb/beweisen
bieten,B1,,,,,,,,,,,false,dwds-goethe-B1.csv,https://www.dwds.de/wb/bieten
blitzen,B1,,,,,,,,,,,false,dwds-goethe-B1.csv,https://www.dwds.de/wb/blitzen
bluten,B1,,,,,,,,,,,false,dwds-goethe-B1.csv,https://www.dwds.de/wb/bluten
blühen,B1,,,,,,,,,,,false,dwds-goethe-B1.csv,https://www.dwds.de/wb/bl%C3%BChen
brechen,B1,,,,,,,,,,,false,dwds-goethe-B1.csv,https://www.dwds.de/wb/brechen
bremsen,B1,,,,,,,,,,,false,dwds-goethe-B1.csv,https://www.dwds.de/wb/bremsen
brennen,B1,,,,,,,,,,,false,dwds-goethe-B1.csv,https://www.dwds.de/wb/brennen
darstellen,B1,,,,,,,,,,,false,dwds-goethe-B1.csv,https://www.dwds.de/wb/darstellen
dekorieren,B1,,,,,,,,,,,false,dwds-goethe-B1.csv,https://www.dwds.de/wb/dekorieren
dienen,B1,,,,,,,,,,,false,dwds-goethe-B1.csv,https://www.dwds.de/wb/dienen
donnern,B1,,,,,,,,,,,false,dwds-goethe-B1.csv,https://www.dwds.de/wb/donnern
drehen,B1,,,,,,,,,,,false,dwds-goethe-B1.csv,https://www.dwds.de/wb/drehen
duzen,B1,,,,,,,,,,,false,dwds-goethe-B1.csv,https://www.dwds.de/wb/duzen
eignen,B1,,,,,,,,,,,false,dwds-goethe-B1.csv,https://www.dwds.de/wb/eignen#1
eilen,B1,,,,,,,,,,,false,dwds-goethe-B1.csv,https://www.dwds.de/wb/eilen
einbrechen,B1,,,,,,,,,,,false,dwds-goethe-B1.csv,https://www.dwds.de/wb/einbrechen
einfallen,B1,,,,,,,,,,,false,dwds-goethe-B1.csv,https://www.dwds.de/wb/einfallen
einfügen,B1,,,,,,,,,,,false,dwds-goethe-B1.csv,https://www.dwds.de/wb/einf%C3%BCgen
einführen,B1,,,,,,,,,,,false,dwds-goethe-B1.csv,https://www.dwds.de/wb/einf%C3%BChren
einigen,B1,,,,,,,,,,,false,dwds-goethe-B1.csv,https://www.dwds.de/wb/einigen
einnehmen,B1,,,,,,,,,,,false,dwds-goethe-B1.csv,https://www.dwds.de/wb/einnehmen
einrichten,B1,,,,,,,,,,,false,dwds-goethe-B1.csv,https://www.dwds.de/wb/einrichten
einschalten,B1,,,,,,,,,,,false,dwds-goethe-B1.csv,https://www.dwds.de/wb/einschalten
einsetzen,B1,,,,,,,,,,,false,dwds-goethe-B1.csv,https://www.dwds.de/wb/einsetzen
einstellen,B1,,,,,,,,,,,false,dwds-goethe-B1.csv,https://www.dwds.de/wb/einstellen
eintreten,B1,,,,,,,,,,,false,dwds-goethe-B1.csv,https://www.dwds.de/wb/eintreten
einzahlen,B1,,,,,,,,,,,false,dwds-goethe-B1.csv,https://www.dwds.de/wb/einzahlen
empfangen,B1,,,,,,,,,,,false,dwds-goethe-B1.csv,https://www.dwds.de/wb/empfangen
entdecken,B1,,,,,,,,,,,false,dwds-goethe-B1.csv,https://www.dwds.de/wb/entdecken
entfernen,B1,,,,,,,,,,,false,dwds-goethe-B1.csv,https://www.dwds.de/wb/entfernen
entgegenkommen,B1,,,,,,,,,,,false,dwds-goethe-B1.csv,https://www.dwds.de/wb/entgegenkommen
enthalten,B1,,,,,,,,,,,false,dwds-goethe-B1.csv,https://www.dwds.de/wb/enthalten
entlassen,B1,,,,,,,,,,,false,dwds-goethe-B1.csv,https://www.dwds.de/wb/entlassen
entscheiden,B1,,,,,,,,,,,false,dwds-goethe-B1.csv,https://www.dwds.de/wb/entscheiden
entschließen,B1,,,,,,,,,,,false,dwds-goethe-B1.csv,https://www.dwds.de/wb/entschlie%C3%9Fen
entsorgen,B1,,,,,,,,,,,false,dwds-goethe-B1.csv,https://www.dwds.de/wb/entsorgen
entspannen,B1,,,,,,,,,,,false,dwds-goethe-B1.csv,https://www.dwds.de/wb/entspannen
enttäuschen,B1,,,,,,,,,,,false,dwds-goethe-B1.csv,https://www.dwds.de/wb/entt%C3%A4uschen
entwickeln,B1,,,,,,,,,,,false,dwds-goethe-B1.csv,https://www.dwds.de/wb/entwickeln
ereignen,B1,,,,,,,,,,,false,dwds-goethe-B1.csv,https://www.dwds.de/wb/ereignen
erfahren,B1,,,,,,,,,,,false,dwds-goethe-B1.csv,https://www.dwds.de/wb/erfahren#1
erfinden,B1,,,,,,,,,,,false,dwds-goethe-B1.csv,https://www.dwds.de/wb/erfinden
erfordern,B1,,,,,,,,,,,false,dwds-goethe-B1.csv,https://www.dwds.de/wb/erfordern
erfüllen,B1,,,,,,,,,,,false,dwds-goethe-B1.csv,https://www.dwds.de/wb/erf%C3%BCllen
ergänzen,B1,,,,,,,,,,,false,dwds-goethe-B1.csv,https://www.dwds.de/wb/erg%C3%A4nzen
erhalten,B1,,,,,,,,,,,false,dwds-goethe-B1.csv,https://www.dwds.de/wb/erhalten
erholen,B1,,,,,,,,,,,false,dwds-goethe-B1.csv,https://www.dwds.de/wb/erholen
erhöhen,B1,,,,,,,,,,,false,dwds-goethe-B1.csv,https://www.dwds.de/wb/erh%C3%B6hen
erkennen,B1,,,,,,,,,,,false,dwds-goethe-B1.csv,https://www.dwds.de/wb/erkennen
erkundigen,B1,,,,,,,,,,,false,dwds-goethe-B1.csv,https://www.dwds.de/wb/erkundigen
erkälten,B1,,,,,,,,,,,false,dwds-goethe-B1.csv,https://www.dwds.de/wb/erk%C3%A4lten
erleben,B1,,,,,,,,,,,false,dwds-goethe-B1.csv,https://www.dwds.de/wb/erleben
erledigen,B1,,,,,,,,,,,false,dwds-goethe-B1.csv,https://www.dwds.de/wb/erledigen
erleichtern,B1,,,,,,,,,,,false,dwds-goethe-B1.csv,https://www.dwds.de/wb/erleichtern
ernähren,B1,,,,,,,,,,,false,dwds-goethe-B1.csv,https://www.dwds.de/wb/ern%C3%A4hren
erschrecken,B1,,,,,,,,,,,false,dwds-goethe-B1.csv,https://www.dwds.de/wb/erschrecken#1; https://www.dwds.de/wb/erschrecken#2
ersetzen,B1,,,,,,,,,,,false,dwds-goethe-B1.csv,https://www.dwds.de/wb/ersetzen
erstellen,B1,,,,,,,,,,,false,dwds-goethe-B1.csv,https://www.dwds.de/wb/erstellen
erwarten,B1,,,,,,,,,,,false,dwds-goethe-B1.csv,https://www.dwds.de/wb/erwarten
erziehen,B1,,,,,,,,,,,false,dwds-goethe-B1.csv,https://www.dwds.de/wb/erziehen
eröffnen,B1,,,,,,,,,,,false,dwds-goethe-B1.csv,https://www.dwds.de/wb/er%C3%B6ffnen
fangen,B1,,,,,,,,,,,false,dwds-goethe-B1.csv,https://www.dwds.de/wb/fangen
fassen,B1,,,,,,,,,,,false,dwds-goethe-B1.csv,https://www.dwds.de/wb/fassen
faulenzen,B1,,,,,,,,,,,false,dwds-goethe-B1.csv,https://www.dwds.de/wb/faulenzen
festhalten,B1,,,,,,,,,,,false,dwds-goethe-B1.csv,https://www.dwds.de/wb/festhalten
festlegen,B1,,,,,,,,,,,false,dwds-goethe-B1.csv,https://www.dwds.de/wb/festlegen
festnehmen,B1,,,,,,,,,,,false,dwds-goethe-B1.csv,https://www.dwds.de/wb/festnehmen
festsetzen,B1,,,,,,,,,,,false,dwds-goethe-B1.csv,https://www.dwds.de/wb/festsetzen
feststehen,B1,,,,,,,,,,,false,dwds-goethe-B1.csv,https://www.dwds.de/wb/feststehen
feststellen,B1,,,,,,,,,,,false,dwds-goethe-B1.csv,https://www.dwds.de/wb/feststellen
finanzieren,B1,,,,,,,,,,,false,dwds-goethe-B1.csv,https://www.dwds.de/wb/finanzieren
fliehen,B1,,,,,,,,,,,false,dwds-goethe-B1.csv,https://www.dwds.de/wb/fliehen
fließen,B1,,,,,,,,,,,false,dwds-goethe-B1.csv,https://www.dwds.de/wb/flie%C3%9Fen
folgen,B1,,,,,,,,,,,false,dwds-goethe-B1.csv,https://www.dwds.de/wb/folgen
fordern,B1,,,,,,,,,,,false,dwds-goethe-B1.csv,https://www.dwds.de/wb/fordern
fortsetzen,B1,,,,,,,,,,,false,dwds-goethe-B1.csv,https://www.dwds.de/wb/fortsetzen
fressen,B1,,,,,,,,,,,false,dwds-goethe-B1.csv,https://www.dwds.de/wb/fressen
frieren,B1,,,,,,,,,,,false,dwds-goethe-B1.csv,https://www.dwds.de/wb/frieren
funktionieren,B1,,,,,,,,,,,false,dwds-goethe-B1.csv,https://www.dwds.de/wb/funktionieren
fördern,B1,,,,,,,,,,,false,dwds-goethe-B1.csv,https://www.dwds.de/wb/f%C3%B6rdern
führen,B1,,,,,,,,,,,false,dwds-goethe-B1.csv,https://www.dwds.de/wb/f%C3%BChren
fürchten,B1,,,,,,,,,,,false,dwds-goethe-B1.csv,https://www.dwds.de/wb/f%C3%BCrchten
füttern,B1,,,,,,,,,,,false,dwds-goethe-B1.csv,https://www.dwds.de/wb/f%C3%BCttern#1
garantieren,B1,,,,,,,,,,,false,dwds-goethe-B1.csv,https://www.dwds.de/wb/garantieren
gebrauchen,B1,,,,,,,,,,,false,dwds-goethe-B1.csv,https://www.dwds.de/wb/gebrauchen
gelingen,B1,,,,,,,,,,,false,dwds-goethe-B1.csv,https://www.dwds.de/wb/gelingen
gelten,B1,,,,,,,,,,,false,dwds-goethe-B1.csv,https://www.dwds.de/wb/gelten
genehmigen,B1,,,,,,,,,,,false,dwds-goethe-B1.csv,https://www.dwds.de/wb/genehmigen
genießen,B1,,,,,,,,,,,false,dwds-goethe-B1.csv,https://www.dwds.de/wb/genie%C3%9Fen
genügen,B1,,,,,,,,,,,false,dwds-goethe-B1.csv,https://www.dwds.de/wb/gen%C3%BCgen
geschehen,B1,,,,,,,,,,,false,dwds-goethe-B1.csv,https://www.dwds.de/wb/geschehen
gewöhnen,B1,,,,,,,,,,,false,dwds-goethe-B1.csv,https://www.dwds.de/wb/gew%C3%B6hnen
gießen,B1,,,,,,,,,,,false,dwds-goethe-B1.csv,https://www.dwds.de/wb/gie%C3%9Fen
greifen,B1,,,,,,,,,,,false,dwds-goethe-B1.csv,https://www.dwds.de/wb/greifen
grillieren,B1,,,,,,,,,,,false,dwds-goethe-B1.csv,https://www.dwds.de/wb/grillieren
gründen,B1,,,,,,,,,,,false,dwds-goethe-B1.csv,https://www.dwds.de/wb/gr%C3%BCnden
grüßen,B1,,,,,,,,,,,false,dwds-goethe-B1.csv,https://www.dwds.de/wb/gr%C3%BC%C3%9Fen
gucken,B1,,,,,,,,,,,false,dwds-goethe-B1.csv,https://www.dwds.de/wb/gucken
hageln,B1,,,,,,,,,,,false,dwds-goethe-B1.csv,https://www.dwds.de/wb/hageln
handeln,B1,,,,,,,,,,,false,dwds-goethe-B1.csv,https://www.dwds.de/wb/handeln#1
hassen,B1,,,,,,,,,,,false,dwds-goethe-B1.csv,https://www.dwds.de/wb/hassen
heben,B1,,,,,,,,,,,false,dwds-goethe-B1.csv,https://www.dwds.de/wb/heben
heizen,B1,,,,,,,,,,,false,dwds-goethe-B1.csv,https://www.dwds.de/wb/heizen
herausfinden,B1,,,,,,,,,,,false,dwds-goethe-B1.csv,https://www.dwds.de/wb/herausfinden
herunterfahren,B1,,,,,,,,,,,false,dwds-goethe-B1.csv,https://www.dwds.de/wb/herunterfahren
hinterlassen,B1,,,,,,,,,,,false,dwds-goethe-B1.csv,https://www.dwds.de/wb/hinterlassen
hinweisen,B1,,,,,,,,,,,false,dwds-goethe-B1.csv,https://www.dwds.de/wb/hinweisen
hochladen,B1,,,,,,,,,,,false,dwds-goethe-B1.csv,https://www.dwds.de/wb/hochladen
hupen,B1,,,,,,,,,,,false,dwds-goethe-B1.csv,https://www.dwds.de/wb/hupen
installieren,B1,,,,,,,,,,,false,dwds-goethe-B1.csv,https://www.dwds.de/wb/installieren
integrieren,B1,,,,,,,,,,,false,dwds-goethe-B1.csv,https://www.dwds.de/wb/integrieren
irren,B1,,,,,,,,,,,false,dwds-goethe-B1.csv,https://www.dwds.de/wb/irren
kaputt machen,B1,,,,,,,,,,,false,dwds-goethe-B1.csv,https://www.dwds.de/wb/kaputt%20machen
kaputtgehen,B1,,,,,,,,,,,false,dwds-goethe-B1.csv,https://www.dwds.de/wb/kaputtgehen
kaputtmachen,B1,,,,,,,,,,,false,dwds-goethe-B1.csv,https://www.dwds.de/wb/kaputtmachen
klagen,B1,,,,,,,,,,,false,dwds-goethe-B1.csv,https://www.dwds.de/wb/klagen
kleben,B1,,,,,,,,,,,false,dwds-goethe-B1.csv,https://www.dwds.de/wb/kleben
klettern,B1,,,,,,,,,,,false,dwds-goethe-B1.csv,https://www.dwds.de/wb/klettern
klicken,B1,,,,,,,,,,,false,dwds-goethe-B1.csv,https://www.dwds.de/wb/klicken
klingeln,B1,,,,,,,,,,,false,dwds-goethe-B1.csv,https://www.dwds.de/wb/klingeln
klingen,B1,,,,,,,,,,,false,dwds-goethe-B1.csv,https://www.dwds.de/wb/klingen
klopfen,B1,,,,,,,,,,,false,dwds-goethe-B1.csv,https://www.dwds.de/wb/klopfen
klären,B1,,,,,,,,,,,false,dwds-goethe-B1.csv,https://www.dwds.de/wb/kl%C3%A4ren
konsumieren,B1,,,,,,,,,,,false,dwds-goethe-B1.csv,https://www.dwds.de/wb/konsumieren
konzentrieren,B1,,,,,,,,,,,false,dwds-goethe-B1.csv,https://www.dwds.de/wb/konzentrieren
kopieren,B1,,,,,,,,,,,false,dwds-goethe-B1.csv,https://www.dwds.de/wb/kopieren
korrigieren,B1,,,,,,,,,,,false,dwds-goethe-B1.csv,https://www.dwds.de/wb/korrigieren
kritisieren,B1,,,,,,,,,,,false,dwds-goethe-B1.csv,https://www.dwds.de/wb/kritisieren
kämpfen,B1,,,,,,,,,,,false,dwds-goethe-B1.csv,https://www.dwds.de/wb/k%C3%A4mpfen
küssen,B1,,,,,,,,,,,false,dwds-goethe-B1.csv,https://www.dwds.de/wb/k%C3%BCssen
landen,B1,,,,,,,,,,,false,dwds-goethe-B1.csv,https://www.dwds.de/wb/landen
langweilen,B1,,,,,,,,,,,false,dwds-goethe-B1.csv,https://www.dwds.de/wb/langweilen
leiden,B1,,,,,,,,,,,false,dwds-goethe-B1.csv,https://www.dwds.de/wb/leiden
leisten,B1,,,,,,,,,,,false,dwds-goethe-B1.csv,https://www.dwds.de/wb/leisten
leiten,B1,,,,,,,,,,,false,dwds-goethe-B1.csv,https://www.dwds.de/wb/leiten
loben,B1,,,,,,,,,,,false,dwds-goethe-B1.csv,https://www.dwds.de/wb/loben
lohnen,B1,,,,,,,,,,,false,dwds-goethe-B1.csv,https://www.dwds.de/wb/lohnen
losfahren,B1,,,,,,,,,,,false,dwds-goethe-B1.csv,https://www.dwds.de/wb/losfahren
lächeln,B1,,,,,,,,,,,false,dwds-goethe-B1.csv,https://www.dwds.de/wb/l%C3%A4cheln
löschen,B1,,,,,,,,,,,false,dwds-goethe-B1.csv,https://www.dwds.de/wb/l%C3%B6schen#1
lösen,B1,,,,,,,,,,,false,dwds-goethe-B1.csv,https://www.dwds.de/wb/l%C3%B6sen
markieren,B1,,,,,,,,,,,false,dwds-goethe-B1.csv,https://www.dwds.de/wb/markieren
melden,B1,,,,,,,,,,,false,dwds-goethe-B1.csv,https://www.dwds.de/wb/melden
messen,B1,,,,,,,,,,,false,dwds-goethe-B1.csv,https://www.dwds.de/wb/messen
mischen,B1,,,,,,,,,,,false,dwds-goethe-B1.csv,https://www.dwds.de/wb/mischen
mitteilen,B1,,,,,,,,,,,false,dwds-goethe-B1.csv,https://www.dwds.de/wb/mitteilen
nachdenken,B1,,,,,,,,,,,false,dwds-goethe-B1.csv,https://www.dwds.de/wb/nachdenken
nachschlagen,B1,,,,,,,,,,,false,dwds-goethe-B1.csv,https://www.dwds.de/wb/nachschlagen
nutzen,B1,,,,,,,,,,,false,dwds-goethe-B1.csv,https://www.dwds.de/wb/nutzen
nähen,B1,,,,,,,,,,,false,dwds-goethe-B1.csv,https://www.dwds.de/wb/n%C3%A4hen
nähern,B1,,,,,,,,,,,false,dwds-goethe-B1.csv,https://www.dwds.de/wb/n%C3%A4hern
nützen,B1,,,,,,,,,,,false,dwds-goethe-B1.csv,https://www.dwds.de/wb/n%C3%BCtzen
operieren,B1,,,,,,,,,,,false,dwds-goethe-B1.csv,https://www.dwds.de/wb/operieren
ordnen,B1,,,,,,,,,,,false,dwds-goethe-B1.csv,https://www.dwds.de/wb/ordnen
parkieren,B1,,,,,,,,,,,false,dwds-goethe-B1.csv,https://www.dwds.de/wb/parkieren
pensionieren,B1,,,,,,,,,,,false,dwds-goethe-B1.csv,https://www.dwds.de/wb/pensionieren
pflanzen,B1,,,,,,,,,,,false,dwds-goethe-B1.csv,https://www.dwds.de/wb/pflanzen#1
pflegen,B1,,,,,,,,,,,false,dwds-goethe-B1.csv,https://www.dwds.de/wb/pflegen#1
produzieren,B1,,,,,,,,,,,false,dwds-goethe-B1.csv,https://www.dwds.de/wb/produzieren
protestieren,B1,,,,,,,,,,,false,dwds-goethe-B1.csv,https://www.dwds.de/wb/protestieren
präsentieren,B1,,,,,,,,,,,false,dwds-goethe-B1.csv,https://www.dwds.de/wb/pr%C3%A4sentieren
rasieren,B1,,,,,,,,,,,false,dwds-goethe-B1.csv,https://www.dwds.de/wb/rasieren
reagieren,B1,,,,,,,,,,,false,dwds-goethe-B1.csv,https://www.dwds.de/wb/reagieren
realisieren,B1,,,,,,,,,,,false,dwds-goethe-B1.csv,https://www.dwds.de/wb/realisieren
reduzieren,B1,,,,,,,,,,,false,dwds-goethe-B1.csv,https://www.dwds.de/wb/reduzieren
regeln,B1,,,,,,,,,,,false,dwds-goethe-B1.csv,https://www.dwds.de/wb/regeln
reichen,B1,,,,,,,,,,,false,dwds-goethe-B1.csv,https://www.dwds.de/wb/reichen
reinigen,B1,,,,,,,,,,,false,dwds-goethe-B1.csv,https://www.dwds.de/wb/reinigen
rennen,B1,,,,,,,,,,,false,dwds-goethe-B1.csv,https://www.dwds.de/wb/rennen
retten,B1,,,,,,,,,,,false,dwds-goethe-B1.csv,https://www.dwds.de/wb/retten
runterwerfen,B1,,,,,,,,,,,false,dwds-goethe-B1.csv,https://www.dwds.de/wb/runterwerfen
schaden,B1,,,,,,,,,,,false,dwds-goethe-B1.csv,https://www.dwds.de/wb/schaden
schalten,B1,,,,,,,,,,,false,dwds-goethe-B1.csv,https://www.dwds.de/wb/schalten#1
schauen,B1,,,,,,,,,,,false,dwds-goethe-B1.csv,https://www.dwds.de/wb/schauen
scheiden,B1,,,,,,,,,,,false,dwds-goethe-B1.csv,https://www.dwds.de/wb/scheiden
schieben,B1,,,,,,,,,,,false,dwds-goethe-B1.csv,https://www.dwds.de/wb/schieben
schießen,B1,,,,,,,,,,,false,dwds-goethe-B1.csv,https://www.dwds.de/wb/schie%C3%9Fen
schminken,B1,,,,,,,,,,,false,dwds-goethe-B1.csv,https://www.dwds.de/wb/schminken
schreien,B1,,,,,,,,,,,false,dwds-goethe-B1.csv,https://www.dwds.de/wb/schreien
schweigen,B1,,,,,,,,,,,false,dwds-goethe-B1.csv,https://www.dwds.de/wb/schweigen
schwitzen,B1,,,,,,,,,,,false,dwds-goethe-B1.csv,https://www.dwds.de/wb/schwitzen
schätzen,B1,,,,,,,,,,,false,dwds-goethe-B1.csv,https://www.dwds.de/wb/sch%C3%A4tzen
schütteln,B1,,,,,,,,,,,false,dwds-goethe-B1.csv,https://www.dwds.de/wb/sch%C3%BCtteln
schützen,B1,,,,,,,,,,,false,dwds-goethe-B1.csv,https://www.dwds.de/wb/sch%C3%BCtzen
senden,B1,,,,,,,,,,,false,dwds-goethe-B1.csv,https://www.dwds.de/wb/senden
sichern,B1,,,,,,,,,,,false,dwds-goethe-B1.csv,https://www.dwds.de/wb/sichern
siegen,B1,,,,,,,,,,,false,dwds-goethe-B1.csv,https://www.dwds.de/wb/siegen
siezen,B1,,,,,,,,,,,false,dwds-goethe-B1.csv,https://www.dwds.de/wb/siezen
sinken,B1,,,,,,,,,,,false,dwds-goethe-B1.csv,https://www.dwds.de/wb/sinken
sorgen,B1,,,,,,,,,,,false,dwds-goethe-B1.csv,https://www.dwds.de/wb/sorgen
spazieren gehen,B1,,,,,,,,,,,false,dwds-goethe-B1.csv,https://www.dwds.de/wb/spazieren%20gehen
springen,B1,,,,,,,,,,,false,dwds-goethe-B1.csv,https://www.dwds.de/wb/springen
spülen,B1,,,,,,,,,,,false,dwds-goethe-B1.csv,https://www.dwds.de/wb/sp%C3%BClen
spüren,B1,,,,,,,,,,,false,dwds-goethe-B1.csv,https://www.dwds.de/wb/sp%C3%BCren
stammen,B1,,,,,,,,,,,false,dwds-goethe-B1.csv,https://www.dwds.de/wb/stammen
starten,B1,,,,,,,,,,,false,dwds-goethe-B1.csv,https://www.dwds.de/wb/starten
Staub saugen,B1,,,,,,,,,,,false,dwds-goethe-B1.csv,https://www.dwds.de/wb/Staub%20saugen
staubsaugen,B1,,,,,,,,,,,false,dwds-goethe-B1.csv,https://www.dwds.de/wb/staubsaugen
stechen,B1,,,,,,,,,,,false,dwds-goethe-B1.csv,https://www.dwds.de/wb/stechen
stecken,B1,,,,,,,,,,,false,dwds-goethe-B1.csv,https://www.dwds.de/wb/stecken#1; https://www.dwds.de/wb/stecken#2
stehen bleiben,B1,,,,,,,,,,,false,dwds-goethe-B1.csv,https://www.dwds.de/wb/stehen%20bleiben
stehenbleiben,B1,,,,,,,,,,,false,dwds-goethe-B1.csv,https://www.dwds.de/wb/stehenbleiben
stehlen,B1,,,,,,,,,,,false,dwds-goethe-B1.csv,https://www.dwds.de/wb/stehlen
steigen,B1,,,,,,,,,,,false,dwds-goethe-B1.csv,https://www.dwds.de/wb/steigen
stimmen,B1,,,,,,,,,,,false,dwds-goethe-B1.csv,https://www.dwds.de/wb/stimmen
stinken,B1,,,,,,,,,,,false,dwds-goethe-B1.csv,https://www.dwds.de/wb/stinken
stoppen,B1,,,,,,,,,,,false,dwds-goethe-B1.csv,https://www.dwds.de/wb/stoppen
streiken,B1,,,,,,,,,,,false,dwds-goethe-B1.csv,https://www.dwds.de/wb/streiken
stürzen,B1,,,,,,,,,,,false,dwds-goethe-B1.csv,https://www.dwds.de/wb/st%C3%BCrzen
tanken,B1,,,,,,,,,,,false,dwds-goethe-B1.csv,https://www.dwds.de/wb/tanken
tauchen,B1,,,,,,,,,,,false,dwds-goethe-B1.csv,https://www.dwds.de/wb/tauchen
testen,B1,,,,,,,,,,,false,dwds-goethe-B1.csv,https://www.dwds.de/wb/testen
tippen,B1,,,,,,,,,,,false,dwds-goethe-B1.csv,https://www.dwds.de/wb/tippen#1
transportieren,B1,,,,,,,,,,,false,dwds-goethe-B1.csv,https://www.dwds.de/wb/transportieren
treiben,B1,,,,,,,,,,,false,dwds-goethe-B1.csv,https://www.dwds.de/wb/treiben
trennen,B1,,,,,,,,,,,false,dwds-goethe-B1.csv,https://www.dwds.de/wb/trennen
treten,B1,,,,,,,,,,,false,dwds-goethe-B1.csv,https://www.dwds.de/wb/treten
trocknen,B1,,,,,,,,,,,false,dwds-goethe-B1.csv,https://www.dwds.de/wb/trocknen
twittern,B1,,,,,,,,,,,false,dwds-goethe-B1.csv,https://www.dwds.de/wb/twittern
umarmen,B1,,,,,,,,,,,false,dwds-goethe-B1.csv,https://www.dwds.de/wb/umarmen
umdrehen,B1,,,,,,,,,,,false,dwds-goethe-B1.csv,https://www.dwds.de/wb/umdrehen
umgehen,B1,,,,,,,,,,,false,dwds-goethe-B1.csv,https://www.dwds.de/wb/umgehen
umtauschen,B1,,,,,,,,,,,false,dwds-goethe-B1.csv,https://www.dwds.de/wb/umtauschen
unterbrechen,B1,,,,,,,,,,,false,dwds-goethe-B1.csv,https://www.dwds.de/wb/unterbrechen
unterlassen,B1,,,,,,,,,,,false,dwds-goethe-B1.csv,https://www.dwds.de/wb/unterlassen
unterrichten,B1,,,,,,,,,,,false,dwds-goethe-B1.csv,https://www.dwds.de/wb/unterrichten
unterscheiden,B1,,,,,,,,,,,false,dwds-goethe-B1.csv,https://www.dwds.de/wb/unterscheiden
unterstreichen,B1,,,,,,,,,,,false,dwds-goethe-B1.csv,https://www.dwds.de/wb/unterstreichen
unterstützen,B1,,,,,,,,,,,false,dwds-goethe-B1.csv,https://www.dwds.de/wb/unterst%C3%BCtzen
verabschieden,B1,,,,,,,,,,,false,dwds-goethe-B1.csv,https://www.dwds.de/wb/verabschieden
verbessern,B1,,,,,,,,,,,false,dwds-goethe-B1.csv,https://www.dwds.de/wb/verbessern
verbrauchen,B1,,,,,,,,,,,false,dwds-goethe-B1.csv,https://www.dwds.de/wb/verbrauchen
verbrennen,B1,,,,,,,,,,,false,dwds-goethe-B1.csv,https://www.dwds.de/wb/verbrennen
verbringen,B1,,,,,,,,,,,false,dwds-goethe-B1.csv,https://www.dwds.de/wb/verbringen
vergnügen,B1,,,,,,,,,,,false,dwds-goethe-B1.csv,https://www.dwds.de/wb/vergn%C3%BCgen
vergrößern,B1,,,,,,,,,,,false,dwds-goethe-B1.csv,https://www.dwds.de/wb/vergr%C3%B6%C3%9Fern
verhaften,B1,,,,,,,,,,,false,dwds-goethe-B1.csv,https://www.dwds.de/wb/verhaften
verhalten,B1,,,,,,,,,,,false,dwds-goethe-B1.csv,https://www.dwds.de/wb/verhalten#1
verhindern,B1,,,,,,,,,,,false,dwds-goethe-B1.csv,https://www.dwds.de/wb/verhindern
verlangen,B1,,,,,,,,,,,false,dwds-goethe-B1.csv,https://www.dwds.de/wb/verlangen
verlassen,B1,,,,,,,,,,,false,dwds-goethe-B1.csv,https://www.dwds.de/wb/verlassen#1; https://www.dwds.de/wb/verlassen#2
verlaufen,B1,,,,,,,,,,,false,dwds-goethe-B1.csv,https://www.dwds.de/wb/verlaufen
verlängern,B1,,,,,,,,,,,false,dwds-goethe-B1.csv,https://www.dwds.de/wb/verl%C3%A4ngern
vermeiden,B1,,,,,,,,,,,false,dwds-goethe-B1.csv,https://www.dwds.de/wb/vermeiden
vermissen,B1,,,,,,,,,,,false,dwds-goethe-B1.csv,https://www.dwds.de/wb/vermissen
vermuten,B1,,,,,,,,,,,false,dwds-goethe-B1.csv,https://www.dwds.de/wb/vermuten
verpacken,B1,,,,,,,,,,,false,dwds-goethe-B1.csv,https://www.dwds.de/wb/verpacken
verpflegen,B1,,,,,,,,,,,false,dwds-goethe-B1.csv,https://www.dwds.de/wb/verpflegen
verpflichten,B1,,,,,,,,,,,false,dwds-goethe-B1.csv,https://www.dwds.de/wb/verpflichten
verraten,B1,,,,,,,,,,,false,dwds-goethe-B1.csv,https://www.dwds.de/wb/verraten
verschmutzen,B1,,,,,,,,,,,false,dwds-goethe-B1.csv,https://www.dwds.de/wb/verschmutzen
verschreiben,B1,,,,,,,,,,,false,dwds-goethe-B1.csv,https://www.dwds.de/wb/verschreiben
verschwinden,B1,,,,,,,,,,,false,dwds-goethe-B1.csv,https://www.dwds.de/wb/verschwinden
versichern,B1,,,,,,,,,,,false,dwds-goethe-B1.csv,https://www.dwds.de/wb/versichern
versprechen,B1,,,,,,,,,,,false,dwds-goethe-B1.csv,https://www.dwds.de/wb/versprechen
verstecken,B1,,,,,,,,,,,false,dwds-goethe-B1.csv,https://www.dwds.de/wb/verstecken
versäumen,B1,,,,,,,,,,,false,dwds-goethe-B1.csv,https://www.dwds.de/wb/vers%C3%A4umen
verteilen,B1,,,,,,,,,,,false,dwds-goethe-B1.csv,https://www.dwds.de/wb/verteilen
vertrauen,B1,,,,,,,,,,,false,dwds-goethe-B1.csv,https://www.dwds.de/wb/vertrauen
vertreten,B1,,,,,,,,,,,false,dwds-goethe-B1.csv,https://www.dwds.de/wb/vertreten
verursachen,B1,,,,,,,,,,,false,dwds-goethe-B1.csv,https://www.dwds.de/wb/verursachen
verurteilen,B1,,,,,,,,,,,false,dwds-goethe-B1.csv,https://www.dwds.de/wb/verurteilen
verwechseln,B1,,,,,,,,,,,false,dwds-goethe-B1.csv,https://www.dwds.de/wb/verwechseln
verwenden,B1,,,,,,,,,,,false,dwds-goethe-B1.csv,https://www.dwds.de/wb/verwenden
verzeihen,B1,,,,,,,,,,,false,dwds-goethe-B1.csv,https://www.dwds.de/wb/verzeihen
verzichten,B1,,,,,,,,,,,false,dwds-goethe-B1.csv,https://www.dwds.de/wb/verzichten
verändern,B1,,,,,,,,,,,false,dwds-goethe-B1.csv,https://www.dwds.de/wb/ver%C3%A4ndern
veröffentlichen,B1,,,,,,,,,,,false,dwds-goethe-B1.csv,https://www.dwds.de/wb/ver%C3%B6ffentlichen
vorhaben,B1,,,,,,,,,,,false,dwds-goethe-B1.csv,https://www.dwds.de/wb/vorhaben
vorkommen,B1,,,,,,,,,,,false,dwds-goethe-B1.csv,https://www.dwds.de/wb/vorkommen
vorlesen,B1,,,,,,,,,,,false,dwds-goethe-B1.csv,https://www.dwds.de/wb/vorlesen
vorschlagen,B1,,,,,,,,,,,false,dwds-goethe-B1.csv,https://www.dwds.de/wb/vorschlagen
wachsen,B1,,,,,,,,,,,false,dwds-goethe-B1.csv,https://www.dwds.de/wb/wachsen#1
warnen,B1,,,,,,,,,,,false,dwds-goethe-B1.csv,https://www.dwds.de/wb/warnen
weigern,B1,,,,,,,,,,,false,dwds-goethe-B1.csv,https://www.dwds.de/wb/weigern
wenden,B1,,,,,,,,,,,false,dwds-goethe-B1.csv,https://www.dwds.de/wb/wenden
werfen,B1,,,,,,,,,,,false,dwds-goethe-B1.csv,https://www.dwds.de/wb/werfen
wetten,B1,,,,,,,,,,,false,dwds-goethe-B1.csv,https://www.dwds.de/wb/wetten
widersprechen,B1,,,,,,,,,,,false,dwds-goethe-B1.csv,https://www.dwds.de/wb/widersprechen
wiegen,B1,,,,,,,,,,,false,dwds-goethe-B1.csv,https://www.dwds.de/wb/wiegen#1
winken,B1,,,,,,,,,,,false,dwds-goethe-B1.csv,https://www.dwds.de/wb/winken
wirken,B1,,,,,,,,,,,false,dwds-goethe-B1.csv,https://www.dwds.de/wb/wirken#1
wundern,B1,,,,,,,,,,,false,dwds-goethe-B1.csv,https://www.dwds.de/wb/wundern
zelten,B1,,,,,,,,,,,false,dwds-goethe-B1.csv,https://www.dwds.de/wb/zelten
zerstören,B1,,,,,,,,,,,false,dwds-goethe-B1.csv,https://www.dwds.de/wb/zerst%C3%B6ren
zubereiten,B1,,,,,,,,,,,false,dwds-goethe-B1.csv,https://www.dwds.de/wb/zubereiten
zugehen,B1,,,,,,,,,,,false,dwds-goethe-B1.csv,https://www.dwds.de/wb/zugehen
zunehmen,B1,,,,,,,,,,,false,dwds-goethe-B1.csv,https://www.dwds.de/wb/zunehmen
zurechtkommen,B1,,,,,,,,,,,false,dwds-goethe-B1.csv,https://www.dwds.de/wb/zurechtkommen
zusagen,B1,,,,,,,,,,,false,dwds-goethe-B1.csv,https://www.dwds.de/wb/zusagen
zusammenfassen,B1,,,,,,,,,,,false,dwds-goethe-B1.csv,https://www.dwds.de/wb/zusammenfassen
zuschauen,B1,,,,,,,,,,,false,dwds-goethe-B1.csv,https://www.dwds.de/wb/zuschauen
zustimmen,B1,,,,,,,,,,,false,dwds-goethe-B1.csv,https://www.dwds.de/wb/zustimmen
zweifeln,B1,,,,,,,,,,,false,dwds-goethe-B1.csv,https://www.dwds.de/wb/zweifeln
zwingen,B1,,,,,,,,,,,false,dwds-goethe-B1.csv,https://www.dwds.de/wb/zwingen
zählen,B1,,,,,,,,,,,false,dwds-goethe-B1.csv,https://www.dwds.de/wb/z%C3%A4hlen
überfahren,B1,,,,,,,,,,,false,dwds-goethe-B1.csv,https://www.dwds.de/wb/%C3%BCberfahren
überholen,B1,,,,,,,,,,,false,dwds-goethe-B1.csv,https://www.dwds.de/wb/%C3%BCberholen
überlegen,B1,,,,,,,,,,,false,dwds-goethe-B1.csv,https://www.dwds.de/wb/%C3%BCberlegen#1
übernehmen,B1,,,,,,,,,,,false,dwds-goethe-B1.csv,https://www.dwds.de/wb/%C3%BCbernehmen
überprüfen,B1,,,,,,,,,,,false,dwds-goethe-B1.csv,https://www.dwds.de/wb/%C3%BCberpr%C3%BCfen
überqueren,B1,,,,,,,,,,,false,dwds-goethe-B1.csv,https://www.dwds.de/wb/%C3%BCberqueren
überraschen,B1,,,,,,,,,,,false,dwds-goethe-B1.csv,https://www.dwds.de/wb/%C3%BCberraschen
überreden,B1,,,,,,,,,,,false,dwds-goethe-B1.csv,https://www.dwds.de/wb/%C3%BCberreden
übertreiben,B1,,,,,,,,,,,false,dwds-goethe-B1.csv,https://www.dwds.de/wb/%C3%BCbertreiben
überzeugen,B1,,,,,,,,,,,false,dwds-goethe-B1.csv,https://www.dwds.de/wb/%C3%BCberzeugen
möchten,A2,would like to,,,,,möchte,möchte,,,,false,learn-deutsch-data:modal,MÖCH-ten
